MCC,Название,Группа
3514,"Отели, мотели, курорты",Отели и мотели
3526,"Отели, мотели, курорты",Отели и мотели
3539,"Отели, мотели, курорты",Отели и мотели
3546,"Отели, мотели, курорты",Отели и мотели
3547,"Отели, мотели, курорты",Отели и мотели
3551,"Отели, мотели, курорты",Отели и мотели
3554,"Отели, мотели, курорты",Отели и мотели
3555,"Отели, мотели, курорты",Отели и мотели
3556,"Отели, мотели, курорты",Отели и мотели
3557,"Отели, мотели, курорты",Отели и мотели
3559,"Отели, мотели, курорты",Отели и мотели
3560,"Отели, мотели, курорты",Отели и мотели
3561,"Отели, мотели, курорты",Отели и мотели
3564,"Отели, мотели, курорты",Отели и мотели
3566,"Отели, мотели, курорты",Отели и мотели
3567,"Отели, мотели, курорты",Отели и мотели
3569,"Отели, мотели, курорты",Отели и мотели
3571,"Отели, мотели, курорты",Отели и мотели
3576,"Отели, мотели, курорты",Отели и мотели
3578,"Отели, мотели, курорты",Отели и мотели
3580,"Отели, мотели, курорты",Отели и мотели
3582,"Отели, мотели, курорты",Отели и мотели
3589,"Отели, мотели, курорты",Отели и мотели
3594,"Отели, мотели, курорты",Отели и мотели
3596,"Отели, мотели, курорты",Отели и мотели
3597,"Отели, мотели, курорты",Отели и мотели
3600,"Отели, мотели, курорты",Отели и мотели
3601,"Отели, мотели, курорты",Отели и мотели
3602,"Отели, мотели, курорты",Отели и мотели
3604,"Отели, мотели, курорты",Отели и мотели
3605,"Отели, мотели, курорты",Отели и мотели
3606,"Отели, мотели, курорты",Отели и мотели
3607,"Отели, мотели, курорты",Отели и мотели
3608,"Отели, мотели, курорты",Отели и мотели
3609,"Отели, мотели, курорты",Отели и мотели
3610,"Отели, мотели, курорты",Отели и мотели
3611,"Отели, мотели, курорты",Отели и мотели
3613,"Отели, мотели, курорты",Отели и мотели
3614,"Отели, мотели, курорты",Отели и мотели
3616,"Отели, мотели, курорты",Отели и мотели
3617,"Отели, мотели, курорты",Отели и мотели
3618,"Отели, мотели, курорты",Отели и мотели
3619,"Отели, мотели, курорты",Отели и мотели
3621,"Отели, мотели, курорты",Отели и мотели
3624,"Отели, мотели, курорты",Отели и мотели
3627,"Отели, мотели, курорты",Отели и мотели
3628,"Отели, мотели, курорты",Отели и мотели
3630,"Отели, мотели, курорты",Отели и мотели
3631,"Отели, мотели, курорты",Отели и мотели
3632,"Отели, мотели, курорты",Отели и мотели
3662,"Отели, мотели, курорты",Отели и мотели
3667,"Отели, мотели, курорты",Отели и мотели
3669,"Отели, мотели, курорты",Отели и мотели
3676,"Отели, мотели, курорты",Отели и мотели
3680,"Отели, мотели, курорты",Отели и мотели
3683,"Отели, мотели, курорты",Отели и мотели
3708,"Отели, мотели, курорты",Отели и мотели
3735,"Отели, мотели, курорты",Отели и мотели
3757,"Отели, мотели, курорты",Отели и мотели
3758,"Отели, мотели, курорты",Отели и мотели
3759,"Отели, мотели, курорты",Отели и мотели
3760,"Отели, мотели, курорты",Отели и мотели
3761,"Отели, мотели, курорты",Отели и мотели
3762,"Отели, мотели, курорты",Отели и мотели
3763,"Отели, мотели, курорты",Отели и мотели
3764,"Отели, мотели, курорты",Отели и мотели
3765,"Отели, мотели, курорты",Отели и мотели
3766,"Отели, мотели, курорты",Отели и мотели
3767,"Отели, мотели, курорты",Отели и мотели
3768,"Отели, мотели, курорты",Отели и мотели
3769,"Отели, мотели, курорты",Отели и мотели
3770,"Отели, мотели, курорты",Отели и мотели
3771,"Отели, мотели, курорты",Отели и мотели
3772,"Отели, мотели, курорты",Отели и мотели
3773,"Отели, мотели, курорты",Отели и мотели
3774,"Отели, мотели, курорты",Отели и мотели
3775,"Отели, мотели, курорты",Отели и мотели
3776,"Отели, мотели, курорты",Отели и мотели
3777,"Отели, мотели, курорты",Отели и мотели
3778,"Отели, мотели, курорты",Отели и мотели
3779,"Отели, мотели, курорты",Отели и мотели
3780,"Отели, мотели, курорты",Отели и мотели
3781,"Отели, мотели, курорты",Отели и мотели
3782,"Отели, мотели, курорты",Отели и мотели
3783,"Отели, мотели, курорты",Отели и мотели
3784,"Отели, мотели, курорты",Отели и мотели
3785,"Отели, мотели, курорты",Отели и мотели
3786,"Отели, мотели, курорты",Отели и мотели
3787,"Отели, мотели, курорты",Отели и мотели
3788,"Отели, мотели, курорты",Отели и мотели
3789,"Отели, мотели, курорты",Отели и мотели
3790,"Отели, мотели, курорты",Отели и мотели
3791,"Отели, мотели, курорты",Отели и мотели
3792,"Отели, мотели, курорты",Отели и мотели
3793,"Отели, мотели, курорты",Отели и мотели
3794,"Отели, мотели, курорты",Отели и мотели
3795,"Отели, мотели, курорты",Отели и мотели
3796,"Отели, мотели, курорты",Отели и мотели
3797,"Отели, мотели, курорты",Отели и мотели
3798,"Отели, мотели, курорты",Отели и мотели
3799,"Отели, мотели, курорты",Отели и мотели
3501,Holiday Inns,Отели и мотели
3502,Best Western Hotels,Отели и мотели
3503,Sheraton Hotels,Отели и мотели
3504,Hilton Hotels,Отели и мотели
3505,Forte Hotels,Отели и мотели
3506,Golden Tulip Hotels,Отели и мотели
3507,Friendship Inns,Отели и мотели
3508,Quality Inns,Отели и мотели
3509,Marriott Hotels,Отели и мотели
3510,Days Inn,Отели и мотели
3511,Arabella Hotels,Отели и мотели
3512,Inter-continental Hotels,Отели и мотели
3513,Westin Hotels,Отели и мотели
3515,Rodeway Inns,Отели и мотели
3516,La Quinta Motor Inns,Отели и мотели
3517,Americana Hotels,Отели и мотели
3518,Sol Hotels,Отели и мотели
3519,Pullman International Hotels,Отели и мотели
3520,Meridien Hotels,Отели и мотели
3521,Crest Hotels (see Forte Hotels),Отели и мотели
3522,Tokyo Hotel,Отели и мотели
3523,Pennsula Hotel,Отели и мотели
3524,Welcomgroup Hotels,Отели и мотели
3525,Dunfey Hotels,Отели и мотели
3527,Downtowner-passport Hotel,Отели и мотели
3528,Red Lion Hotels,Отели и мотели
3529,Cp Hotels,Отели и мотели
3530,Renaissance Hotels,Отели и мотели
3531,Astir Hotels,Отели и мотели
3532,Sun Route Hotels,Отели и мотели
3533,Hotel Ibis,Отели и мотели
3534,Southern Pacific Hotels,Отели и мотели
3535,Hilton International,Отели и мотели
3536,Amfac Hotels,Отели и мотели
3537,Ana Hotel,Отели и мотели
3538,Concorde Hotels,Отели и мотели
3540,Iberotel Hotels,Отели и мотели
3541,Hotel Okura,Отели и мотели
3542,Royal Hotels,Отели и мотели
3543,Four Seasons Hotels,Отели и мотели
3544,Ciga Hotels,Отели и мотели
3545,Shangri-la International,Отели и мотели
3548,Hoteles Melia,Отели и мотели
3549,Auberge Des Governeurs,Отели и мотели
3550,Regal 8 Inns,Отели и мотели
3552,Coast Hotels,Отели и мотели
3553,Park Inns International,Отели и мотели
3558,Jolly Hotels,Отели и мотели
3562,Comfort Inns,Отели и мотели
3563,Journey’s End Motls,Отели и мотели
3565,Relax Inns,Отели и мотели
3568,Ladbroke Hotels,Отели и мотели
3570,Forum Hotels,Отели и мотели
3572,Miyako Hotels,Отели и мотели
3573,Sandman Hotels,Отели и мотели
3574,Venture Inns,Отели и мотели
3575,Vagabond Hotels,Отели и мотели
3577,Mandarin Oriental Hotel,Отели и мотели
3579,Hotel Mercure,Отели и мотели
3581,Delta Hotel,Отели и мотели
3583,Sas Hotels,Отели и мотели
3584,Princess Hotels International,Отели и мотели
3585,Hungar Hotels,Отели и мотели
3586,Sokos Hotels,Отели и мотели
3587,Doral Hotels,Отели и мотели
3588,Helmsley Hotels,Отели и мотели
3590,Fairmont Hotels,Отели и мотели
3591,Sonesta Hotels,Отели и мотели
3592,Omni Hotels,Отели и мотели
3593,Cunard Hotels,Отели и мотели
3595,Hospitality International,Отели и мотели
3598,Regent International Hotels,Отели и мотели
3599,Pannonia Hotels,Отели и мотели
3603,Noah’s Hotels,Отели и мотели
3612,Movenpick Hotels,Отели и мотели
3615,Travelodge,Отели и мотели
3620,Telford International,Отели и мотели
3622,Merlin Hotels,Отели и мотели
3623,Dorint Hotels,Отели и мотели
3625,Hotle Universale,Отели и мотели
3626,Prince Hotels,Отели и мотели
3629,Dan Hotels,Отели и мотели
3633,Rank Hotels,Отели и мотели
3634,Swissotel,Отели и мотели
3635,Reso Hotels,Отели и мотели
3636,Sarova Hotels,Отели и мотели
3637,Ramada Inns,Отели и мотели
3638,Ho Jo Inn,Отели и мотели
3639,Mount Charlotte Thistle,Отели и мотели
3640,Hyatt Hotel,Отели и мотели
3641,Sofitel Hotels,Отели и мотели
3642,Novotel Hotels,Отели и мотели
3643,Steigenberger Hotels,Отели и мотели
3644,Econo Lodges,Отели и мотели
3645,Queens Moat Houses,Отели и мотели
3646,Swallow Hotels,Отели и мотели
3647,Husa Hotels,Отели и мотели
3648,De Vere Hotels,Отели и мотели
3649,Radisson Hotels,Отели и мотели
3650,Red Rook Inns,Отели и мотели
3651,Imperial London Hotel,Отели и мотели
3652,Embassy Hotels,Отели и мотели
3653,Penta Hotels,Отели и мотели
3654,Loews Hotels,Отели и мотели
3655,Scandic Hotels,Отели и мотели
3656,Sara Hotels,Отели и мотели
3657,Oberoi Hotels,Отели и мотели
3658,Otani Hotels,Отели и мотели
3659,Taj Hotels International,Отели и мотели
3660,Knights Inns,Отели и мотели
3661,Metropole Hotels,Отели и мотели
3663,Hoteles El Presidents,Отели и мотели
3664,Flag Inn,Отели и мотели
3665,Hampton Inns,Отели и мотели
3666,Stakis Hotels,Отели и мотели
3668,Maritim Hotels,Отели и мотели
3670,Arcard Hotels,Отели и мотели
3671,Arctia Hotels,Отели и мотели
3672,Campaniel Hotels,Отели и мотели
3673,Ibusz Hotels,Отели и мотели
3674,Rantasipi Hotels,Отели и мотели
3675,Interhotel Cedok,Отели и мотели
3677,Climat De France Hotels,Отели и мотели
3678,Cumulus Hotels,Отели и мотели
3679,Danubius Hotel,Отели и мотели
3681,Adams Mark Hotels,Отели и мотели
3682,Allstar Inns,Отели и мотели
3684,Budget Host Inns,Отели и мотели
3685,Budgetel Hotels,Отели и мотели
3686,Suisse Chalets,Отели и мотели
3687,Clarion Hotels,Отели и мотели
3688,Compri Hotels,Отели и мотели
3689,Consort Hotels,Отели и мотели
3690,Courtyard By Marriott,Отели и мотели
3691,Dillion Inns,Отели и мотели
3692,Doubletree Hotels,Отели и мотели
3693,Drury Inns,Отели и мотели
3694,Economy Inns Of America,Отели и мотели
3695,Embassy Suites,Отели и мотели
3696,Exel Inns,Отели и мотели
3697,Farfield Hotels,Отели и мотели
3698,Harley Hotels,Отели и мотели
3699,Midway Motor Lodge,Отели и мотели
3700,Motel 6,Отели и мотели
3701,Guest Quarters (formally Pickett Suite Hotels),Отели и мотели
3702,The Registry Hotels,Отели и мотели
3703,Residence Inns,Отели и мотели
3704,Royce Hotels,Отели и мотели
3705,Sandman Inns,Отели и мотели
3706,Shilo Inns,Отели и мотели
3707,Shoney’s Inns,Отели и мотели
3709,Super8 Motels,Отели и мотели
3710,The Ritz Carlton Hotels,Отели и мотели
3711,Flag Inns (Ausralia),Отели и мотели
3712,Golden Chain Hotel,Отели и мотели
3713,Quality Pacific Hotel,Отели и мотели
3714,Four Seasons Hotel (Australia),Отели и мотели
3715,Farifield Inn,Отели и мотели
3716,Carlton Hotels,Отели и мотели
3717,City Lodge Hotels,Отели и мотели
3718,Karos Hotels,Отели и мотели
3719,Protea Hotels,Отели и мотели
3720,Southern Sun Hotels,Отели и мотели
3721,Hilton Conrad,Отели и мотели
3722,Wyndham Hotel And Resorts,Отели и мотели
3723,Rica Hotels,Отели и мотели
3724,Iner Nor Hotels,Отели и мотели
3725,Seaines Planation,Отели и мотели
3726,Rio Suites,Отели и мотели
3727,Broadmoor Hotel,Отели и мотели
3728,Bally’s Hotel And Casino,Отели и мотели
3729,John Ascuaga’s Nugget,Отели и мотели
3730,Mgm Grand Hotel,Отели и мотели
3731,Harrah’s Hotels And Casinos,Отели и мотели
3732,Opryland Hotel,Отели и мотели
3733,Boca Raton Resort,Отели и мотели
3734,Harvey/bristol Hotels,Отели и мотели
3736,Colorado Belle/Edgewater Resort,Отели и мотели
3737,Riviera Hotel And Casino,Отели и мотели
3738,Tropicana Resort And Casino,Отели и мотели
3739,Woodside Hotels And Resorts,Отели и мотели
3740,Townplace Suites,Отели и мотели
3741,Millenium Broadway Hotel,Отели и мотели
3742,Club Med,Отели и мотели
3743,Biltmore Hotel And Suites,Отели и мотели
3744,Carefree Resorts,Отели и мотели
3745,St. Regis Hotel,Отели и мотели
3746,The Eliot Hotel,Отели и мотели
3747,Clubcorp/club Resorts,Отели и мотели
3748,Welesley Inns,Отели и мотели
3749,The Beverly Hills Hotel,Отели и мотели
3750,Crowne Plaza Hotels,Отели и мотели
3751,Homewood Suites,Отели и мотели
3752,Peabody Hotels,Отели и мотели
3753,Greenbriah Resorts,Отели и мотели
3754,Amelia Island Planation,Отели и мотели
3755,The Homestead,Отели и мотели
3756,South Seas Resorts,Отели и мотели
3816,Home2Suites,Отели и мотели
3828,Cosmopolitan of Las Vegas,Отели и мотели
3830,Park Plaza Hotel,Отели и мотели
3831,Waldorf,Отели и мотели
7011,Отели и мотели - нигде более не классифицированные,Отели и мотели
3000,United Airlines (UNITED),"Авиалинии, авиакомпании"
3001,American Airlines (AMERICAN),"Авиалинии, авиакомпании"
3002,Pan American (PAN AM),"Авиалинии, авиакомпании"
3003,Eurofly (EUROFLY),"Авиалинии, авиакомпании"
3004,Dragonair (DRAGONAIR),"Авиалинии, авиакомпании"
3005,British Airways (BRITISH A),"Авиалинии, авиакомпании"
3006,Japan Air Lines (JAL),"Авиалинии, авиакомпании"
3007,Air France (AIR FRAN),"Авиалинии, авиакомпании"
3008,Lufthansa (LUFTHAN),"Авиалинии, авиакомпании"
3009,Air Canada (AIR CAN),"Авиалинии, авиакомпании"
3010,Royal Dutch Airlines (KLM),"Авиалинии, авиакомпании"
3011,Aeroflot (AEROFLOT),"Авиалинии, авиакомпании"
3012,Qantas (QANTAS),"Авиалинии, авиакомпании"
3013,Alitalia (ALITALIA),"Авиалинии, авиакомпании"
3014,Saudi Arabian Airlines (SAUDI AI),"Авиалинии, авиакомпании"
3015,Swiss International Air Lines (SWISS),"Авиалинии, авиакомпании"
3016,Scandinavian Airline System (SAS),"Авиалинии, авиакомпании"
3017,South African Airways (SAFRICAN),"Авиалинии, авиакомпании"
3018,Varig (Brazil) (VARIG),"Авиалинии, авиакомпании"
3020,Air India (AIR-INDI),"Авиалинии, авиакомпании"
3021,Air Algerie (AIRALGER),"Авиалинии, авиакомпании"
3022,Philippine Airlines (PAL AIR),"Авиалинии, авиакомпании"
3023,Mexicana (MEXICANA),"Авиалинии, авиакомпании"
3024,Pakistan International (PAKISTAN),"Авиалинии, авиакомпании"
3025,Air New Zealand Limited International (AIR NZ),"Авиалинии, авиакомпании"
3026,Emirates Airlines (EMIRATES),"Авиалинии, авиакомпании"
3027,Union de Transports Aeriens (UTAAIR),"Авиалинии, авиакомпании"
3028,Air Malta (AIRMALTA),"Авиалинии, авиакомпании"
3029,SN Brussels Airlines (SNBRU AIR),"Авиалинии, авиакомпании"
3030,Aerolineas Argentinas (AERO ARG),"Авиалинии, авиакомпании"
3031,Olympic Airways (OLYMPICA),"Авиалинии, авиакомпании"
3032,El Al (EL AL),"Авиалинии, авиакомпании"
3033,Ansett Airlines (ANSETT),"Авиалинии, авиакомпании"
3034,Etihad Airways (ETIHADAIR),"Авиалинии, авиакомпании"
3035,Tap (Portugal) (TAP),"Авиалинии, авиакомпании"
3036,VASP (Brazil) (VASP),"Авиалинии, авиакомпании"
3037,EgyptAir (EGYPTAIR),"Авиалинии, авиакомпании"
3038,Kuwait Airways (KUWAIT),"Авиалинии, авиакомпании"
3039,Avianca (AVIANCA),"Авиалинии, авиакомпании"
3040,Gulf Air (Bahrain) (GULF AIR),"Авиалинии, авиакомпании"
3041,Balkan—Bulgarian Airlines (BALKAN),"Авиалинии, авиакомпании"
3042,Finnair (FINNAIR),"Авиалинии, авиакомпании"
3043,Aer Lingus (AERLING),"Авиалинии, авиакомпании"
3044,Air Lanka (AIR LANKA),"Авиалинии, авиакомпании"
3045,Nigeria Airways (NIGERIA),"Авиалинии, авиакомпании"
3046,Cruzeiro do Sul (Brazil) (CRUZEIRO),"Авиалинии, авиакомпании"
3047,THY (Turkey) (THY),"Авиалинии, авиакомпании"
3048,Royal Air Maroc (AIRMARO),"Авиалинии, авиакомпании"
3049,Tunis Air (TUNIS AI),"Авиалинии, авиакомпании"
3050,Icelandair (ICELANDA),"Авиалинии, авиакомпании"
3051,Austrian Airlines (AUSTRIAN),"Авиалинии, авиакомпании"
3052,LAN Airlines (LAN AIR),"Авиалинии, авиакомпании"
3053,AVIACO (Spain) (AVIACO),"Авиалинии, авиакомпании"
3054,LADECO (Chile) (LADECO),"Авиалинии, авиакомпании"
3055,LAB (Bolivia) (LAB),"Авиалинии, авиакомпании"
3056,Jet Airways (JET AIR),"Авиалинии, авиакомпании"
3057,Virgin America (VIR AMER),"Авиалинии, авиакомпании"
3058,Delta (DELTA),"Авиалинии, авиакомпании"
3059,DBA Airlines (DBA AIR),"Авиалинии, авиакомпании"
3060,Northwest Airlines (NWA AIR),"Авиалинии, авиакомпании"
3061,Continental (CONTINEN),"Авиалинии, авиакомпании"
3062,Hapag-Lloyd Express (HLX),"Авиалинии, авиакомпании"
3063,U.S. Airways (USAIRWYS),"Авиалинии, авиакомпании"
3064,Adria Airways (ADRIA AIR),"Авиалинии, авиакомпании"
3065,Air Inter (AIRINTER),"Авиалинии, авиакомпании"
3066,Southwest Airlines (SOUTHWES),"Авиалинии, авиакомпании"
3067,Vanguard Airlines (VANGUARD),"Авиалинии, авиакомпании"
3068,Air Astana (AIRSTANA),"Авиалинии, авиакомпании"
3069,Sun Country Airlines (SUNCNTRY),"Авиалинии, авиакомпании"
3071,Air British Columbia (AIR B R C),"Авиалинии, авиакомпании"
3072,Cebu Pacific (CEBU PAC),"Авиалинии, авиакомпании"
3073,Air Cal,"Авиалинии, авиакомпании"
3075,Singapore Airlines (SINGAPOR),"Авиалинии, авиакомпании"
3076,Aeromexico (AEROMEXI),"Авиалинии, авиакомпании"
3077,Thai Airways (THAIAIRW),"Авиалинии, авиакомпании"
3078,China Airlines (CHINAAIR),"Авиалинии, авиакомпании"
3079,Jetstar Airways (JETSTAR),"Авиалинии, авиакомпании"
3082,Korean Airlines (KOREAN),"Авиалинии, авиакомпании"
3083,Air Afrique (AIR AFRIQ),"Авиалинии, авиакомпании"
3084,Eva Airways (EVA AIR),"Авиалинии, авиакомпании"
3085,Midwest Express Airlines (MIDWEST),"Авиалинии, авиакомпании"
3086,Carnival Airlines,"Авиалинии, авиакомпании"
3087,Metro Airlines (METROAI),"Авиалинии, авиакомпании"
3088,Croatia Air (CROATIA),"Авиалинии, авиакомпании"
3089,Transaero (TRANSAERO),"Авиалинии, авиакомпании"
3090,Uni Airways (UNIAIR),"Авиалинии, авиакомпании"
3092,Midway Airlines,"Авиалинии, авиакомпании"
3094,Zambia Airways (ZAMBIA A),"Авиалинии, авиакомпании"
3096,Air Zimbabwe (AIRZIMBA),"Авиалинии, авиакомпании"
3097,Spanair (SPANAIR),"Авиалинии, авиакомпании"
3098,Asiana Airlines (ASIANA),"Авиалинии, авиакомпании"
3099,Cathay Pacific (CATHAYPA),"Авиалинии, авиакомпании"
3100,Malaysian Airline System (MALAY AI),"Авиалинии, авиакомпании"
3102,Iberia (IBERIA),"Авиалинии, авиакомпании"
3103,Garuda (Indonesia) (GARUDA),"Авиалинии, авиакомпании"
3106,Braathens S.A.F.E. (Norway) (BRAATHEN),"Авиалинии, авиакомпании"
3111,British Midland (BRITISH M),"Авиалинии, авиакомпании"
3112,Windward Island (WINDWARD),"Авиалинии, авиакомпании"
3117,Venezolana International de Aviacion (VIASA),"Авиалинии, авиакомпании"
3125,Tan Airlines (TAN AIR),"Авиалинии, авиакомпании"
3127,Taca International (TACA INT),"Авиалинии, авиакомпании"
3129,Surinam Airways (SURINAM),"Авиалинии, авиакомпании"
3130,Sunworld International Airways (SUNWORLD),"Авиалинии, авиакомпании"
3131,VLM Airlines (VLM),"Авиалинии, авиакомпании"
3132,Frontier Airlines (FRONTIER),"Авиалинии, авиакомпании"
3136,Qatar Airways Company W.L.L. (QATAR AIR),"Авиалинии, авиакомпании"
3144,Virgin Atlantic (VIR ATL),"Авиалинии, авиакомпании"
3146,Luxair (LUXAIR),"Авиалинии, авиакомпании"
3148,"Air Littoral, S.A. (LITTORAL)","Авиалинии, авиакомпании"
3151,Air Zaire (AIRZAIRE),"Авиалинии, авиакомпании"
3156,GO FLY Ltd. (GOFLY),"Авиалинии, авиакомпании"
3159,Provincetown-Boston Airways (PBA),"Авиалинии, авиакомпании"
3161,All Nippon Airways (ANAAIR),"Авиалинии, авиакомпании"
3164,Norontair (NORONTAI),"Авиалинии, авиакомпании"
3167,Aero Continente (AERO CONT),"Авиалинии, авиакомпании"
3171,Canadian Airlines (CANADIAN),"Авиалинии, авиакомпании"
3172,Nation Air (NATIONAI),"Авиалинии, авиакомпании"
3174,JetBlue Airways (JETBLUE),"Авиалинии, авиакомпании"
3175,Middle East Air (MIDEASTA),"Авиалинии, авиакомпании"
3177,AirTran Airways (AIRTRAN A),"Авиалинии, авиакомпании"
3178,Mesa Air (MESA AIR),"Авиалинии, авиакомпании"
3180,Westjet Airlines (WESTJET),"Авиалинии, авиакомпании"
3181,Malev Hungarian Airlines (MALEV),"Авиалинии, авиакомпании"
3182,LOT – Polish Airlines (LOT),"Авиалинии, авиакомпании"
3183,Oman Aviation Services (OMAN AIR),"Авиалинии, авиакомпании"
3184,LIAT (LIAT),"Авиалинии, авиакомпании"
3185,LAV Linea Aeropostal Venezolana (LAV),"Авиалинии, авиакомпании"
3186,LAP Lineas Aereas Paraguayas (LAP),"Авиалинии, авиакомпании"
3187,LACSA (Costa Rica) (LACSA),"Авиалинии, авиакомпании"
3188,Virgin Express (VIR EXP),"Авиалинии, авиакомпании"
3190,Jugoslav Air (JUGOSLAV),"Авиалинии, авиакомпании"
3191,Island Airlines (ISLANDAI),"Авиалинии, авиакомпании"
3193,Indian Airlines (INDIAN A),"Авиалинии, авиакомпании"
3196,Hawaiian Air (HAWAIIAN),"Авиалинии, авиакомпании"
3197,Havasu Airlines (HAVASUAI),"Авиалинии, авиакомпании"
3199,Servicios Aereos Militares,"Авиалинии, авиакомпании"
3200,Guyana Airways (GUYANA A),"Авиалинии, авиакомпании"
3204,Freedom Airlines (FREEDOM),"Авиалинии, авиакомпании"
3206,China Eastern Airlines (CHINAEAST),"Авиалинии, авиакомпании"
3211,Norwegian Air Shuttle (NORWEGIAN),"Авиалинии, авиакомпании"
3212,Dominicana de Aviacion (DOMINICA),"Авиалинии, авиакомпании"
3213,Malmo Aviation (MALMO AV),"Авиалинии, авиакомпании"
3217,CSA Ceskoslovenske Aerolinie (CSA),"Авиалинии, авиакомпании"
3219,Compania Panamena de Aviacion (COPA),"Авиалинии, авиакомпании"
3220,Compania Faucett (COMPANIA),"Авиалинии, авиакомпании"
3221,Transportes Aeros Militares Ecuatorianos (TAME AIR),"Авиалинии, авиакомпании"
3222,Command Airways (COMMAND),"Авиалинии, авиакомпании"
3223,Comair (COMAIR),"Авиалинии, авиакомпании"
3226,Skyways (SKYWAYS),"Авиалинии, авиакомпании"
3228,Cayman Airways (CAYMANAIR),"Авиалинии, авиакомпании"
3229,SAETA (Sociedad Ecuatorianas De Transportes Aereo) (SAETAAIR),"Авиалинии, авиакомпании"
3231,SAHSA (Servicio Aero de Honduras) (SAHSA),"Авиалинии, авиакомпании"
3234,Caribbean Airlines (CARIBBEAN),"Авиалинии, авиакомпании"
3236,Air Arabia Airline (AIR ARAB),"Авиалинии, авиакомпании"
3239,Bar Harbor Airlines (BARHARBO),"Авиалинии, авиакомпании"
3240,Bahamasair (BAHAMASA),"Авиалинии, авиакомпании"
3241,Aviateca (Guatemala) (AVIATECA),"Авиалинии, авиакомпании"
3242,Avensa (AVENSA),"Авиалинии, авиакомпании"
3243,Austrian Air Service (AUSTRAIR),"Авиалинии, авиакомпании"
3245,EasyJet (EASYJET),"Авиалинии, авиакомпании"
3246,Ryanair (RYANAIR),"Авиалинии, авиакомпании"
3247,Gol Airlines (GOL),"Авиалинии, авиакомпании"
3248,Tam Airlines (TAM),"Авиалинии, авиакомпании"
3252,ALM Antilean Airlines (ALM),"Авиалинии, авиакомпании"
3253,America West (AMERWEST),"Авиалинии, авиакомпании"
3254,Trump Airline,"Авиалинии, авиакомпании"
3256,Alaska Airlines Inc. (ALASKA A),"Авиалинии, авиакомпании"
3260,Spirit Airlines (SPIRIT),"Авиалинии, авиакомпании"
3261,Air China (AIR CHINA),"Авиалинии, авиакомпании"
3263,Aero Servicio Carabobo (ASERCA),"Авиалинии, авиакомпании"
3266,Air Seychelles (AIR SEYC),"Авиалинии, авиакомпании"
3267,Air Panama International (AIR PANA),"Авиалинии, авиакомпании"
3280,Air Jamaica (AIR JAMA),"Авиалинии, авиакомпании"
3281,Air Djibouti (AIR DJIB),"Авиалинии, авиакомпании"
3282,Air Djibouti (AIR DJIB),"Авиалинии, авиакомпании"
3285,Aero Peru (AEROPERU),"Авиалинии, авиакомпании"
3286,Aero Nicaraguenses (AERO NIC),"Авиалинии, авиакомпании"
3287,Aero Coach Aviation (AEROCOAC),"Авиалинии, авиакомпании"
3292,Cyprus Airways (CYPRUSA),"Авиалинии, авиакомпании"
3293,Ecuatoriana (ECUATORI),"Авиалинии, авиакомпании"
3294,Ethiopian Airlines (ETHIOPIA),"Авиалинии, авиакомпании"
3295,Kenya Airways (KENYAAIR),"Авиалинии, авиакомпании"
3296,Air Berlin (AIRBERLIN),"Авиалинии, авиакомпании"
3297,Tarom Romanian Air Transport (TAROM AIR),"Авиалинии, авиакомпании"
3298,Air Mauritius (AIRMAURI),"Авиалинии, авиакомпании"
3299,Wideroes Flyveselskap (WIDEROES),"Авиалинии, авиакомпании"
3019,"Авиалинии, авиакомпании","Авиалинии, авиакомпании"
3081,"Авиалинии, авиакомпании","Авиалинии, авиакомпании"
3093,"Авиалинии, авиакомпании","Авиалинии, авиакомпании"
3095,"Авиалинии, авиакомпании","Авиалинии, авиакомпании"
3101,"Авиалинии, авиакомпании","Авиалинии, авиакомпании"
3104,"Авиалинии, авиакомпании","Авиалинии, авиакомпании"
3105,"Авиалинии, авиакомпании","Авиалинии, авиакомпании"
3107,"Авиалинии, авиакомпании","Авиалинии, авиакомпании"
3109,"Авиалинии, авиакомпании","Авиалинии, авиакомпании"
3110,"Авиалинии, авиакомпании","Авиалинии, авиакомпании"
3113,"Авиалинии, авиакомпании","Авиалинии, авиакомпании"
3114,"Авиалинии, авиакомпании","Авиалинии, авиакомпании"
3115,"Авиалинии, авиакомпании","Авиалинии, авиакомпании"
3116,"Авиалинии, авиакомпании","Авиалинии, авиакомпании"
3118,"Авиалинии, авиакомпании","Авиалинии, авиакомпании"
3119,"Авиалинии, авиакомпании","Авиалинии, авиакомпании"
3120,"Авиалинии, авиакомпании","Авиалинии, авиакомпании"
3121,"Авиалинии, авиакомпании","Авиалинии, авиакомпании"
3122,"Авиалинии, авиакомпании","Авиалинии, авиакомпании"
3123,"Авиалинии, авиакомпании","Авиалинии, авиакомпании"
3124,"Авиалинии, авиакомпании","Авиалинии, авиакомпании"
3126,"Авиалинии, авиакомпании","Авиалинии, авиакомпании"
3128,"Авиалинии, авиакомпании","Авиалинии, авиакомпании"
3133,"Авиалинии, авиакомпании","Авиалинии, авиакомпании"
3134,"Авиалинии, авиакомпании","Авиалинии, авиакомпании"
3135,"Авиалинии, авиакомпании","Авиалинии, авиакомпании"
3137,"Авиалинии, авиакомпании","Авиалинии, авиакомпании"
3138,"Авиалинии, авиакомпании","Авиалинии, авиакомпании"
3139,"Авиалинии, авиакомпании","Авиалинии, авиакомпании"
3140,"Авиалинии, авиакомпании","Авиалинии, авиакомпании"
3141,"Авиалинии, авиакомпании","Авиалинии, авиакомпании"
3142,"Авиалинии, авиакомпании","Авиалинии, авиакомпании"
3143,"Авиалинии, авиакомпании","Авиалинии, авиакомпании"
3145,"Авиалинии, авиакомпании","Авиалинии, авиакомпании"
3147,"Авиалинии, авиакомпании","Авиалинии, авиакомпании"
3150,"Авиалинии, авиакомпании","Авиалинии, авиакомпании"
3152,"Авиалинии, авиакомпании","Авиалинии, авиакомпании"
3153,"Авиалинии, авиакомпании","Авиалинии, авиакомпании"
3154,"Авиалинии, авиакомпании","Авиалинии, авиакомпании"
3155,"Авиалинии, авиакомпании","Авиалинии, авиакомпании"
3157,"Авиалинии, авиакомпании","Авиалинии, авиакомпании"
3158,"Авиалинии, авиакомпании","Авиалинии, авиакомпании"
3160,"Авиалинии, авиакомпании","Авиалинии, авиакомпании"
3162,"Авиалинии, авиакомпании","Авиалинии, авиакомпании"
3163,"Авиалинии, авиакомпании","Авиалинии, авиакомпании"
3165,"Авиалинии, авиакомпании","Авиалинии, авиакомпании"
3166,"Авиалинии, авиакомпании","Авиалинии, авиакомпании"
3168,"Авиалинии, авиакомпании","Авиалинии, авиакомпании"
3169,"Авиалинии, авиакомпании","Авиалинии, авиакомпании"
3170,"Авиалинии, авиакомпании","Авиалинии, авиакомпании"
3173,"Авиалинии, авиакомпании","Авиалинии, авиакомпании"
3176,"Авиалинии, авиакомпании","Авиалинии, авиакомпании"
3179,"Авиалинии, авиакомпании","Авиалинии, авиакомпании"
3189,"Авиалинии, авиакомпании","Авиалинии, авиакомпании"
3192,"Авиалинии, авиакомпании","Авиалинии, авиакомпании"
3194,"Авиалинии, авиакомпании","Авиалинии, авиакомпании"
3195,"Авиалинии, авиакомпании","Авиалинии, авиакомпании"
3198,"Авиалинии, авиакомпании","Авиалинии, авиакомпании"
3201,"Авиалинии, авиакомпании","Авиалинии, авиакомпании"
3202,"Авиалинии, авиакомпании","Авиалинии, авиакомпании"
3203,"Авиалинии, авиакомпании","Авиалинии, авиакомпании"
3205,"Авиалинии, авиакомпании","Авиалинии, авиакомпании"
3207,"Авиалинии, авиакомпании","Авиалинии, авиакомпании"
3208,"Авиалинии, авиакомпании","Авиалинии, авиакомпании"
3209,"Авиалинии, авиакомпании","Авиалинии, авиакомпании"
3210,"Авиалинии, авиакомпании","Авиалинии, авиакомпании"
3214,"Авиалинии, авиакомпании","Авиалинии, авиакомпании"
3215,"Авиалинии, авиакомпании","Авиалинии, авиакомпании"
3216,"Авиалинии, авиакомпании","Авиалинии, авиакомпании"
3218,"Авиалинии, авиакомпании","Авиалинии, авиакомпании"
3224,"Авиалинии, авиакомпании","Авиалинии, авиакомпании"
3225,"Авиалинии, авиакомпании","Авиалинии, авиакомпании"
3227,"Авиалинии, авиакомпании","Авиалинии, авиакомпании"
3230,"Авиалинии, авиакомпании","Авиалинии, авиакомпании"
3232,"Авиалинии, авиакомпании","Авиалинии, авиакомпании"
3233,"Авиалинии, авиакомпании","Авиалинии, авиакомпании"
3235,"Авиалинии, авиакомпании","Авиалинии, авиакомпании"
3237,"Авиалинии, авиакомпании","Авиалинии, авиакомпании"
3238,"Авиалинии, авиакомпании","Авиалинии, авиакомпании"
3244,"Авиалинии, авиакомпании","Авиалинии, авиакомпании"
3249,"Авиалинии, авиакомпании","Авиалинии, авиакомпании"
3250,"Авиалинии, авиакомпании","Авиалинии, авиакомпании"
3251,"Авиалинии, авиакомпании","Авиалинии, авиакомпании"
3257,"Авиалинии, авиакомпании","Авиалинии, авиакомпании"
3258,"Авиалинии, авиакомпании","Авиалинии, авиакомпании"
3259,"Авиалинии, авиакомпании","Авиалинии, авиакомпании"
3262,"Авиалинии, авиакомпании","Авиалинии, авиакомпании"
3264,"Авиалинии, авиакомпании","Авиалинии, авиакомпании"
3265,"Авиалинии, авиакомпании","Авиалинии, авиакомпании"
3268,"Авиалинии, авиакомпании","Авиалинии, авиакомпании"
3270,"Авиалинии, авиакомпании","Авиалинии, авиакомпании"
3274,"Авиалинии, авиакомпании","Авиалинии, авиакомпании"
3275,"Авиалинии, авиакомпании","Авиалинии, авиакомпании"
3276,"Авиалинии, авиакомпании","Авиалинии, авиакомпании"
3277,"Авиалинии, авиакомпании","Авиалинии, авиакомпании"
3278,"Авиалинии, авиакомпании","Авиалинии, авиакомпании"
3279,"Авиалинии, авиакомпании","Авиалинии, авиакомпании"
3283,"Авиалинии, авиакомпании","Авиалинии, авиакомпании"
3284,"Авиалинии, авиакомпании","Авиалинии, авиакомпании"
3288,"Авиалинии, авиакомпании","Авиалинии, авиакомпании"
3289,"Авиалинии, авиакомпании","Авиалинии, авиакомпании"
3290,"Авиалинии, авиакомпании","Авиалинии, авиакомпании"
3291,"Авиалинии, авиакомпании","Авиалинии, авиакомпании"
3351,Affiliated Auto Rental,Аренда автомобилей
3352,American Intl Rent-a-car,Аренда автомобилей
3353,Brooks Rent-a-car,Аренда автомобилей
3354,Action Auto Rental,Аренда автомобилей
3355,Агентства по аренде автомобилей,Аренда автомобилей
3356,Агентства по аренде автомобилей,Аренда автомобилей
3357,Hertz Rent-a-car,Аренда автомобилей
3358,Агентства по аренде автомобилей,Аренда автомобилей
3359,Payless Car Rental,Аренда автомобилей
3360,Snappy Car Rental,Аренда автомобилей
3361,Airways Rent-a-car,Аренда автомобилей
3362,Altra Auto Rental,Аренда автомобилей
3363,Агентства по аренде автомобилей,Аренда автомобилей
3364,Agency Rent-a-car,Аренда автомобилей
3365,Агентства по аренде автомобилей,Аренда автомобилей
3366,Budget Rent-a-car,Аренда автомобилей
3367,Агентства по аренде автомобилей,Аренда автомобилей
3368,Holiday Rent-a-wreck,Аренда автомобилей
3369,Агентства по аренде автомобилей,Аренда автомобилей
3370,Rent-a-wreck,Аренда автомобилей
3371,Агентства по аренде автомобилей,Аренда автомобилей
3372,Агентства по аренде автомобилей,Аренда автомобилей
3373,Агентства по аренде автомобилей,Аренда автомобилей
3374,Агентства по аренде автомобилей,Аренда автомобилей
3375,Агентства по аренде автомобилей,Аренда автомобилей
3376,Ajax Rent-a-car,Аренда автомобилей
3377,Агентства по аренде автомобилей,Аренда автомобилей
3378,Агентства по аренде автомобилей,Аренда автомобилей
3379,Агентства по аренде автомобилей,Аренда автомобилей
3380,Агентства по аренде автомобилей,Аренда автомобилей
3381,Europ Car,Аренда автомобилей
3382,Агентства по аренде автомобилей,Аренда автомобилей
3383,Агентства по аренде автомобилей,Аренда автомобилей
3384,Агентства по аренде автомобилей,Аренда автомобилей
3385,Tropical Rent-a-car,Аренда автомобилей
3386,Showcase Rental Cars,Аренда автомобилей
3387,Alamo Rent-a-car,Аренда автомобилей
3388,Агентства по аренде автомобилей,Аренда автомобилей
3389,Avis Rent-a-car,Аренда автомобилей
3390,Dollar Rent-a-car,Аренда автомобилей
3391,Europe By Car,Аренда автомобилей
3392,Агентства по аренде автомобилей,Аренда автомобилей
3393,National Car Rental,Аренда автомобилей
3394,Kemwell Group Rent-a-car,Аренда автомобилей
3395,Thrifty Rent-a-car,Аренда автомобилей
3396,Tilden Tent-a-car,Аренда автомобилей
3397,Агентства по аренде автомобилей,Аренда автомобилей
3398,Econo-car Rent-a-car,Аренда автомобилей
3399,Amerex Rent-a-Car,Аренда автомобилей
3400,Auto Host Cost Car Rentals,Аренда автомобилей
3401,Агентства по аренде автомобилей,Аренда автомобилей
3402,Агентства по аренде автомобилей,Аренда автомобилей
3403,Агентства по аренде автомобилей,Аренда автомобилей
3404,Агентства по аренде автомобилей,Аренда автомобилей
3405,Enterprise Rent-a-car,Аренда автомобилей
3406,Агентства по аренде автомобилей,Аренда автомобилей
3407,Агентства по аренде автомобилей,Аренда автомобилей
3408,Агентства по аренде автомобилей,Аренда автомобилей
3409,General Rent-a-car,Аренда автомобилей
3410,Агентства по аренде автомобилей,Аренда автомобилей
3412,A-1 Rent-a-car,Аренда автомобилей
3413,Агентства по аренде автомобилей,Аренда автомобилей
3414,Godfrey Natl Rent-a-car,Аренда автомобилей
3415,Агентства по аренде автомобилей,Аренда автомобилей
3416,Агентства по аренде автомобилей,Аренда автомобилей
3417,Агентства по аренде автомобилей,Аренда автомобилей
3418,Агентства по аренде автомобилей,Аренда автомобилей
3419,Alpha Rent-a-car,Аренда автомобилей
3420,Ansa Intl Rent-a-car,Аренда автомобилей
3421,Allstae Rent-a-car,Аренда автомобилей
3422,Агентства по аренде автомобилей,Аренда автомобилей
3423,Avcar Rent-a-car,Аренда автомобилей
3425,Automate Rent-a-car,Аренда автомобилей
3426,Агентства по аренде автомобилей,Аренда автомобилей
3427,Avon Rent-a-car,Аренда автомобилей
3428,Carey Rent-a-car,Аренда автомобилей
3429,Insurance Rent-a-car,Аренда автомобилей
3430,Major Rent-a-car,Аренда автомобилей
3431,Replacement Rent-a-car,Аренда автомобилей
3432,Reserve Rent-a-car,Аренда автомобилей
3433,Ugly Duckling Rent-a-car,Аренда автомобилей
3434,USA Rent-a-car,Аренда автомобилей
3435,Value Rent-a-car,Аренда автомобилей
3436,Autohansa Rent-a-car,Аренда автомобилей
3437,Cite Rent-a-car,Аренда автомобилей
3438,Interent Rent-a-car,Аренда автомобилей
3439,Milleville Rent-a-car,Аренда автомобилей
3440,Via Route Rent-a-Car,Аренда автомобилей
3441,Агентства по аренде автомобилей,Аренда автомобилей
7512,Прокат автомобилей,Аренда автомобилей
7513,Прокат аксессуаров для трэйлеров и грузовиков.,Аренда автомобилей
7519,"Прокат домиков на колесах, аксессуары к наземному транспорту.",Аренда автомобилей
742,Ветеринарные услуги,Контрактные услуги
763,Сельскохозяйственные кооперативы,Контрактные услуги
780,Услуги садоводства и ландшафтного дизайна,Контрактные услуги
1520,Генеральные подрядчики – жилое и коммерческое строительство,Контрактные услуги
1711,"Генеральные подрядчики по вентиляции, теплоснабжению и водопроводу",Контрактные услуги
1731,Подрядчики по электричеству,Контрактные услуги
1740,"Изоляция, мозаика, штукатурные работы, каменная кладка, облицовка плиткой, кафелем",Контрактные услуги
1750,Столярные работы,Контрактные услуги
1761,"Кровельные и сайдинговые работы, обработка листового металла",Контрактные услуги
1771,Подрядчики бетонных работ,Контрактные услуги
1799,Контрактные услуги – нигде более не классифицированные,Контрактные услуги
2741,Различные издательства/ печатное дело,Оптовые поставщики и производители
2791,"Набор текстов, шрифтов, таблиц и относящиеся к этому услуги",Оптовые поставщики и производители
2842,"Специальная обработка, полировка, санитария",Оптовые поставщики и производители
4011,Железные дороги – перевозка грузов,Транспорт
4111,"Пассажирские перевозки - пригородные и местные пригородные рейсы, включая паромы",Транспорт
4112,Пассажирские железнодорожные перевозки,Транспорт
4119,Услуги скорой помощи,Транспорт
4121,Лимузины и такси,Транспорт
4131,Автобусные линии,Транспорт
4214,"Агентства по автотранспортным перевозкам, местные/ дальные автогрузоперевозки, компании попереезду и хранению, местная доставка",Транспорт
4215,"Услуги курьера – по воздуху и на земле, агентство по отправке грузов",Транспорт
4225,"Складское хранение общественного пользования –сельскохозяйственных продуктов, охлаждаемые продукты, хранение предметов домашнего обихода",Транспорт
4304,Категория неизвестна,
4411,Круизные линии,Транспорт
4457,Аренда и наем суден,Транспорт
4468,"Пристани для яхт, их обслуживание и поставка",Транспорт
4511,"Авиалинии, авиакомпании - нигде более не классифицированные",Транспорт
4582,"Аэропорты, терминалы аэропортов, лётные поля",Транспорт
4722,Туристические агентства и организаторы экскурсий,Транспорт
4729,Услуги пассажирских перевозок – нигде более не классифицированные,Транспорт
4784,"Дорожный и мостовой сборы, пошлины",Транспорт
4789,Услуги пассажирских перевозок – нигде более не классифицированные,Транспорт
4812,"Телекоммуникационное оборудование, включая продажу телефонов",Коммунальные и кабельные услуги
4813,"Торговые точки телеком клавишного ввода, предлагающие единичные локальные и дальние телефонные звонки, используя центральный номер доступа без разговора с оператором и используя код доступа",Коммунальные и кабельные услуги
4814,Телекоммуникационные услуги,Коммунальные и кабельные услуги
4815,МастерФон телефонные услуги – Ежемесячное составление телефонных счетов,Коммунальные и кабельные услуги
4816,Компьютерная сеть / информационные услуги,Коммунальные и кабельные услуги
4821,Услуги телеграфа,Коммунальные и кабельные услуги
4829,Денежные переводы,Поставщик услуг
4899,Кабельные и другие платные телевизионные услуги,Коммунальные и кабельные услуги
4900,"Коммунальные услуги – электричество, газ, санитария, вода",Коммунальные и кабельные услуги
5013,Поставщики грузовиков и запчастей,Оптовые поставщики и производители
5021,Офисная и торговая мебель,Оптовые поставщики и производители
5039,Строительные материалы – нигде более не классифицированные,Оптовые поставщики и производители
5044,"Офисное, фотографическое, фотокопировальное, и микрофильмирующее оборудование",Оптовые поставщики и производители
5045,"Компьютеры, периферийное компьютерное оборудование, программное обеспечение",Оптовые поставщики и производители
5046,Коммерческое оборудование – нигде более не классифицированное,Оптовые поставщики и производители
5047,Стоматологическое / лабораторное / медицинское / офтальмологическое оборудование и материалы для больниц,Оптовые поставщики и производители
5051,Центры и офисы работ по металлу,Оптовые поставщики и производители
5065,Электрические части и оборудование,Оптовые поставщики и производители
5072,Оборудование и сопутствующие материалы для технического обеспечения,Оптовые поставщики и производители
5074,Оборудование для водопровода и отопительной системы,Оптовые поставщики и производители
5085,Промышленное оборудование –нигде более не классифицированное,Оптовые поставщики и производители
5094,"Драгоценные камни и металлы, часы и ювелирные изделия",Оптовые поставщики и производители
5099,Товары длительного пользования – нигде более не классифицированные,Оптовые поставщики и производители
5111,"Канцелярия, офисные сопутствующие товары, бумага для печатания и письма",Оптовые поставщики и производители
5122,"Лекарства, их распространители, аптеки",Оптовые поставщики и производители
5131,"Штучные товары, галантерея и другие текстильные товары",Оптовые поставщики и производители
5137,"Мужская, женская и детская спецодежда",Оптовые поставщики и производители
5139,Спец-обувь,Оптовые поставщики и производители
5169,Химикалии и смежные вещества - нигде более не классифицированные,Оптовые поставщики и производители
5172,Нефть и нефтепродукты,Оптовые поставщики и производители
5192,"Книги, периодические издания и газеты",Оптовые поставщики и производители
5193,"Принадлежности для флористов, питомник и цветы",Оптовые поставщики и производители
5198,Лакокрасочная продукция и сопровождающие товары,Оптовые поставщики и производители
5199,Товары недлительного пользования - нигде более не классифицированные,Оптовые поставщики и производители
5200,Товары для дома,Розничные магазины
5211,Лесо- и строительный материал,Розничные магазины
5231,"Розничная продажа стекла, красок и обоев",Розничные магазины
5251,Скобяные товары в розницу,Розничные магазины
5261,Садовые принадлежности (в том числе для ухода за газонами) в розницу,Розничные магазины
5271,Продажа жилых фургонов,Розничные магазины
5292,Категория неизвестна,
5295,Категория неизвестна,
5297,Retail Internet Volume,Розничные магазины
5298,Internet Shopping Grocery Store,Розничные магазины
5300,Оптовики,Розничные магазины
5309,Беспошлинные магазины Duty Free,Розничные магазины
5310,"Магазины, торгующие по сниженным ценам",Розничные магазины
5311,Универмаги,Розничные магазины
5331,Универсальные магазины,Розничные магазины
5399,Различные товары общего назначения,Розничные магазины
5411,"Бакалейные магазины, супермаркеты",Розничные магазины
5412,Гибридные супермаркеты,Розничные магазины
5415,Категория неизвестна,
5422,Продажа свежего и мороженого мяса,Розничные магазины
5441,Кондитерские,Розничные магазины
5451,Продажа молочных продуктов в розницу,Розничные магазины
5462,Булочные,Розничные магазины
5499,Различные продовольственные магазины - нигде более не классифицированные,Розничные магазины
5511,"Легковой и грузовой транспорт – продажа, сервис, ремонт, запчасти и лизинг.",Автомобили и транспортные средства
5521,Продажа легковых и грузовых автомобилей (только подержанных),Автомобили и транспортные средства
5531,Автомагазины и товары для дома,Автомобили и транспортные средства
5532,Автошины,Автомобили и транспортные средства
5533,Автозапчасти и аксессуары,Автомобили и транспортные средства
5541,"Станции техобслуживания, с дополнительными услугами или без",Автомобили и транспортные средства
5542,Автоматизированные бензозаправки,Автомобили и транспортные средства
5551,Продажа лодок,Автомобили и транспортные средства
5561,"Дома- автоприцепы, жилые неразборные и грузовые прицепы",Автомобили и транспортные средства
5571,Продажа мотоциклов,Автомобили и транспортные средства
5592,Продажа домов на колесах,Автомобили и транспортные средства
5598,Продажа снегоходов,Автомобили и транспортные средства
5599,"Продажа различного рода автомобилей, авиа- и с/х оборудования - нигде более не классифицированные",Автомобили и транспортные средства
5611,"Мужская одежда и аксессуары, включая одежду для мальчиков",Магазины одежды
5621,Готовая женская одежда,Магазины одежды
5631,Аксессуары для женщин,Магазины одежды
5641,"Детская одежда, включая одежду для самых маленьких",Магазины одежды
5651,Одежда для всей семьи,Магазины одежды
5655,"Спортивная одежда, одежда для верховой езды и езды на мотоцикле",Магазины одежды
5661,Обувные магазины,Магазины одежды
5681,Изготовление и продажа меховых изделий,Магазины одежды
5691,Магазины мужской и женской одежды,Магазины одежды
5697,"Услуги по переделке, починке и пошиву одежды",Магазины одежды
5698,Парики и накладки из искусственных волос,Магазины одежды
5699,Различные магазины одежды и аксессуаров,Магазины одежды
5712,"Оборудование, мебель и бытовые принадлежности (кроме электрооборудования)",Различные магазины
5713,Покрытия для пола,Различные магазины
5714,"Ткани, обивочный материал, гардины и портьеры, жалюзи",Различные магазины
5715,Оптовые продавцы алкоголя,Оптовые поставщики и производители
5718,"Продажа каминов, экранов для каминов и аксессуаров",Различные магазины
5719,Различные специализированные магазины бытовых принадлежностей,Различные магазины
5722,Бытовое оборудование,Различные магазины
5732,Продажа электронного оборудования,Различные магазины
5733,"Продажа музыкальных инструментов, фортепиано, нот.",Различные магазины
5734,Продажа компьютерного программного обеспечения,Различные магазины
5735,Магазины звукозаписи,Различные магазины
5811,Поставщики провизии,Поставщик услуг
5812,"Места общественного питания, рестораны",Различные магазины
5813,"Бары, коктейль-бары, дискотеки, ночные клубы и таверны – места продажи алкогольных напитков",Различные магазины
5814,Фастфуд,Различные магазины
5815,"Цифровые товары - аудиовизуальные медиа, включая книги, фильмы и музыку",Различные магазины
5816,Цифровые товары – игры,Различные магазины
5817,Цифровые товары - приложения (кроме игр),Различные магазины
5818,Цифровые товары - мультикатегория,Различные магазины
5912,Аптеки,Различные магазины
5921,Магазины с продажей спиртных напитков навынос,Различные магазины
5931,"Секонд-хенды, магазины б/у товаров, комиссионки",Различные магазины
5932,"Антикварные магазины – продажа, ремонт и услуги реставрации",Различные магазины
5933,Ломбарды,Различные магазины
5935,Уничтожение и сбор остатков,Различные магазины
5937,Магазины репродукций и антиквариата,Различные магазины
5940,Веломагазины – продажа и обслуживание,Различные магазины
5941,Спорттовары,Различные магазины
5942,Книжные магазины,Различные магазины
5943,"Магазины офисных, школьных принадлежностей, канцтоваров",Различные магазины
5944,"Часы, ювелирные и серебряные изделия",Различные магазины
5945,"Игрушки, игры и хобби-товары",Различные магазины
5946,Магазины фотооборудования и фотоприборов,Различные магазины
5947,"Магазины открыток, подарков, новинок и сувениров",Различные магазины
5948,"Магазины кожаных изделий, дорожных принадлежностей",Различные магазины
5949,"Магазины ткани, ниток, рукоделия, шитья",Различные магазины
5950,Магазины хрусталя и изделий из стекла,Различные магазины
5960,Прямой маркетинг – страховые услуги,Продажи по почте/телефону
5961,"Заказы по почте, включая заказы по каталогу",Продажи по почте/телефону
5962,"Прямой маркетинг – услуги, относящиеся к туризму",Продажи по почте/телефону
5963,"Продажа ""от двери до двери""",Различные магазины
5964,Прямой маркетинг – торговля по каталогам,Продажи по почте/телефону
5965,Прямой маркетинг – комбинированный каталог и розничные продавцы,Продажи по почте/телефону
5966,Прямой маркетинг - исходящий телемаркетинг,Продажи по почте/телефону
5967,Прямой маркетинг – входящий телемаркетинг,Продажи по почте/телефону
5968,Прямой маркетинг – Торговые точки подписки,Продажи по почте/телефону
5969,Прямой маркетинг – другие торговые точки прямого маркетинга (нигде более не классифицированные),Продажи по почте/телефону
5970,Магазины художественных и ремесляных изделий,Различные магазины
5971,Галереи и художественные посредники,Различные магазины
5972,Магазины монет и марок (филателические и нумизматические),Различные магазины
5973,Магазины религиозных товаров,Различные магазины
5975,"Слуховые аппараты – продажа, сервис, снабжение",Различные магазины
5976,Ортопедические товары,Различные магазины
5977,Магазины косметики,Различные магазины
5978,"Магазины печатающих устройств – аренда, продажа, услуги",Различные магазины
5983,"Горючее топливо – уголь, мазут, сжиженная нефть, древесина",Различные магазины
5992,Флористика,Различные магазины
5993,Табачные магазины,Различные магазины
5994,Дилеры по продаже печатной продукции,Различные магазины
5995,Зоомагазины,Различные магазины
5996,Плавательные бассейны – продажа и снабжение,Различные магазины
5997,Магазины электрических бритвенных принадлежностей – распродажа и услуги.,Различные магазины
5998,Магазины палаток и навесов,Различные магазины
5999,Различные магазины и специальные розничные магазины,Различные магазины
6010,Финансовые учреждения – снятие наличности вручную,Поставщик услуг
6011,Финансовые учреждения – снятие наличности автоматически,Поставщик услуг
6012,Финансовые учреждения – торговля и услуги,Поставщик услуг
6022,Financial Institution (RCL Internal),Поставщик услуг
6023,State Banks (RCL Internal),Поставщик услуг
6025,National Banks (RCL Internal),Поставщик услуг
6026,National Banks Non Federal (RCL Internal),Поставщик услуг
6028,Unincorporated Private Banks (RCL Internal),Поставщик услуг
6050,Финансовые учреждения – квази-кэш,Поставщик услуг
6051,Нефинансовые учреждения – квази-кэш,Поставщик услуг
6211,Ценные бумаги – Брокеры/Дилеры,Поставщик услуг
6300,"Продажа страхования, гарантированное размещение, премии",Поставщик услуг
6381,Страховые премии,
6399,Страхование - нигде более не классифицированные,Поставщик услуг
6513,Агенты недвижимости и менеджеры - Аренда,Поставщик услуг
6529,Remote Stored Value Load - Финансовые организации,Поставщик услуг
6530,Remote Stored Value Load - Продавец,Поставщик услуг
6531,Оплата услуг – денежные переводы,Поставщик услуг
6532,Платежная операция - финансовое учреждение,Поставщик услуг
6533,Платежная операция - продавец,Поставщик услуг
6534,Денежный перевод - финансовое учреждение,Поставщик услуг
6535,Права требования на ценности — Финансовые организации,Поставщик услуг
6536,Денежные переводы MasterCard MoneySend - внутри страны,Поставщик услуг
6537,Денежные переводы MasterCard MoneySend - между странами,Поставщик услуг
6538,Денежные переводы MasterCard MoneySend Funding,Поставщик услуг
6539,Транзакция по финансированию (исключая MoneySend),Поставщик услуг
6540,Транзакции по финансированию POI (за исключением MoneySend),Поставщик услуг
6611,Переплата (авансовые платежи),Поставщик услуг
6760,Облигации сберегательного займа,Поставщик услуг
7012,Тайм-шер,Поставщик услуг
7032,Рекреационные и спортивные лагеря,Поставщик услуг
7033,Кемпинги и трейлер-парки,Поставщик услуг
7210,Услуги по уборке и прачечной,Личные услуги
7211,Услуги прачечной - семейные и коммерческие,Личные услуги
7216,Химчистка,Личные услуги
7217,Чистка ковров и обивок,Личные услуги
7221,Фотостудии,Личные услуги
7230,Парикмахерские и салоны красоты,Личные услуги
7251,"Чистка шляп, ремонт и чистка обуви",Личные услуги
7261,Похоронные службы и крематории,Личные услуги
7273,Знакомства,Личные услуги
7276,Служба налоговой подготовки,Личные услуги
7277,"Долги, брак, личные вопросы - консультирование",Личные услуги
7278,Услуги покупок/шоппинга,Личные услуги
7280,Пациент больницы – вывод личных средств,Личные услуги
7296,"Сдача в аренду костюмов, униформы, простой одежды",Личные услуги
7297,Массажные салоны,Личные услуги
7298,Салоны красоты и здоровья,Личные услуги
7299,Иной сервис - нигде более не классифицированные,Личные услуги
7311,Рекламные услуги,Бизнес услуги
7321,Потребительские кредитные агентства,Бизнес услуги
7322,Агентства взыскания долгов,Бизнес услуги
7332,Услуги синьки и фотокопирования,Бизнес услуги
7333,"Коммерческое искусство, графика, фотография",Бизнес услуги
7338,"Быстрое копирование, репродуцирование и услуги по созданию чертежей",Бизнес услуги
7339,Услуги стенографии и секретарского дела,Бизнес услуги
7342,Истребление насекомых и дезинфекция,Бизнес услуги
7349,Уборка и чистка помещений,Бизнес услуги
7361,"Агентства по трудоустройству, временные справочные службы",Бизнес услуги
7372,"Программирование, обработка данных, проектирование интегрированных систем",Бизнес услуги
7375,Информационно-поисковые услуги,Бизнес услуги
7379,Ремонт компьютеров,Бизнес услуги
7389,Бизнес услуги – нигде более не классифицированные,Бизнес услуги
7392,"Услуги по консультированию, управлению и связям с общественностью",Бизнес услуги
7393,"Детективные агентства, охранные агентства, службы безопасности, включая бронированные автомобили, сторожевых собак",Бизнес услуги
7394,"Аренда оборудования и лизинговые услуги, аренда мебели, прокат инструментов",Бизнес услуги
7395,"Фотостудии, фотолаборатории",Бизнес услуги
7399,Бизнес услуги – нигде более не классифицированные,Бизнес услуги
7511,Стоянка грузового транспорта,Бизнес услуги
7523,Паркинги и гаражи,Бизнес услуги
7531,Станции технического обслуживания для автомобильного транспорта,Ремонтные услуги
7534,Шиномонтаж и вулканизация,Ремонтные услуги
7535,Покраска автомобилей,Ремонтные услуги
7538,СТО общего назначения,Ремонтные услуги
7542,Автомойки,Ремонтные услуги
7549,Буксировка,Ремонтные услуги
7622,Ремонт электроники,Ремонтные услуги
7623,Ремонт кондиционеров и холодильников,Ремонтные услуги
7629,Ремонт электрооборудования и малой бытовой техники,Ремонтные услуги
7631,Центры ремонта часов и чистки ювелирных изделий,Ремонтные услуги
7641,"Мебель – обивка, ремонт и реставрация",Ремонтные услуги
7692,Ремонт с помощью сварки,Ремонтные услуги
7699,Ремонтные услуги – нигде более не классифицированные,Ремонтные услуги
7800,Правительственная лотерея (только США),Развлечения
7801,Азартные игры в интернете (только США),Развлечения
7802,Лошадиные / собачьи бега (только США),Развлечения
7829,Производство фото/видео,Развлечения
7832,Кинотеатры,Развлечения
7833,Экспресс-оплата – Кинотеатр,Развлечения
7841,Видеопрокат,Развлечения
7911,"Танцклубы, танцшколы и студии",Развлечения
7922,"Театральные продюсеры (кроме кинофильмов), билетные агентства",Развлечения
7929,"Музыкальные группы, оркестры и прочие развлекательные услуги",Развлечения
7932,Бильярд-клубы,Развлечения
7933,Боулинг-клубы,Развлечения
7941,"Атлетические поля, коммерческие виды спорта, профессиональные спортивные клубы, промоутеры спорта",Развлечения
7991,Туристические аттракционы и шоу,Развлечения
7992,Публичные поля для гольфа,Развлечения
7993,Принадлежности для видеоигр,Развлечения
7994,Галереи/учреждения видеоигр,Развлечения
7995,Транзакции по азартным играм,Развлечения
7996,"Парки аттракционов, карнавалы, цирки, гадалки",Развлечения
7997,"Клубы – загородные клубы, членство (отдых, спорт), частные поля для гольфа",Развлечения
7998,"Аквариумы, дельфинарии, зоопарки и морские парки",Развлечения
7999,Услуги отдыха — нигде более не классифицированные,Развлечения
8011,Доктора — нигде более не классифицированные,Профессиональные услуги
8021,"Дантисты, ортодантисты",Профессиональные услуги
8031,Остеопаты,Профессиональные услуги
8041,Хиропрактики,Профессиональные услуги
8042,"Оптометристы, офтальмологи",Профессиональные услуги
8043,"Оптика, оптические товары и очки",Профессиональные услуги
8044,"Оптика, оптические товары и очки",Профессиональные услуги
8049,Ортопеды,Профессиональные услуги
8050,Услуги персонального ухода,Профессиональные услуги
8062,Больницы,Профессиональные услуги
8071,Стоматологические и медицинские лаборатории,Профессиональные услуги
8099,"Медицинские работники, медицинские услуги – нигде более не классифицированные",Профессиональные услуги
8111,"Адвокаты, юридические услуги",Профессиональные услуги
8211,Школы: начальная и средняя,Профессиональные услуги
8220,"Колледжи, университеты",Профессиональные услуги
8241,Дистанционные школы,Профессиональные услуги
8244,Бизнес / секретарские школы,Профессиональные услуги
8249,Профессиональные / торговые школы,Профессиональные услуги
8299,Образовательные услуги,Профессиональные услуги
8351,Дошкольные заведения,Профессиональные услуги
8398,Благотворительные и общественные службы - сбор средств,Членские организации
8641,"Гражданские, социальные и братские ассоциации",Членские организации
8651,Политические организации,Членские организации
8661,Религиозные организации,Членские организации
8664,Категория неизвестна,
8675,Автомобильные ассоциации,Членские организации
8699,Членские организации – нигде более не классифицированные,Членские организации
8734,Испытательные лаборатории (немедицинские),Бизнес услуги
8911,"Архитектурные, инженерные и геодезические услуги",Бизнес услуги
8931,"Бухгалтерский учет, аудит и бухгалтерские услуги",Бизнес услуги
8999,Профессиональные услуги - нигде более не классифицированные,Бизнес услуги
9034,I-Purchasing Pilot,Государственные услуги
9211,"Судебные выплаты, включая алименты и детскую поддержку",Государственные услуги
9222,Штрафы,Государственные услуги
9223,Платежи по залогам и облигациям,Государственные услуги
9311,Налоговые платежи,Государственные услуги
9399,Правительственные услуги - нигде более не классифицированные,Государственные услуги
9401,I-Purchasing Pilot,Государственные услуги
9402,Почтовые услуги (только правительственные),Государственные услуги
9405,Внутриправительственные закупки - только правительственные,Государственные услуги
9411,Платежи по государственному займу,Государственные услуги
9700,Automated Referral Service (только VISA),
9701,Служба проверки учетных данных Visa (только VISA),
9702,Аварийные службы (GCAS) (только VISA),
9751,Великобритания. Универсамы. Электронный Горячий Файл,Оптовые поставщики и производители
9752,Британские Бензозаправочные станции. Электронный Горячий Файл,Оптовые поставщики и производители
9754,Лошадиные / собачьи бега (только США),Государственные услуги
9950,Покупки внутри компании,
9999,Категория неизвестна,